text,label,source_url
"What's the deal with boards of Canada - their music is good but why such recognition when so many artists with good music get no recognition?",hot_take,reddit.com/r/LetsTalkMusic
"All Things Must Pass takes you on the journey of a child growing up... You can hear this in Isn't It a Pity where the song feels as though it is searching for understanding rather than building toward an event.",analytical,reddit.com/r/LetsTalkMusic
"Why Do People Act Like Their Opinion on Music Is A Fact? Me not liking a song does not make it bad.",hot_take,reddit.com/r/LetsTalkMusic
"Tyler better than Kanye? Igor solos any Kanye album in my opinion. I would give Igor a 10/10.",hot_take,reddit.com/r/LetsTalkMusic
"What actually makes a good track? I always get caught in the drums first.",low_effort,reddit.com/r/LetsTalkMusic
"Did the music industry slowly kill the band sound in mainstream pop? Songs About Jane really sounded like a band playing together — groove in the drums basslines with character.",analytical,reddit.com/r/LetsTalkMusic
"How did you discover your favorite bands? I was stationed at Eielson AFB and heard Los Lobos for the first time.",contextual,reddit.com/r/LetsTalkMusic
"Opinions on The Caretaker — it made me feel like I was taking a gift from a fallen god at the cost of the things I love most.",contextual,reddit.com/r/LetsTalkMusic
"I don't really understand why people dislike Disturbed's Sound of Silence cover — I haven't seen anybody point out concrete things that sounded bad.",hot_take,reddit.com/r/LetsTalkMusic
"As someone who genuinely likes AJR why do people hate it? Their lyrics give an honest sympathetic view even if childish.",analytical,reddit.com/r/LetsTalkMusic
"Is it just me or are Talk Talk amazing? They do not have one bad song. Spirit of Eden and Laughing Stock are especially amazing.",hot_take,reddit.com/r/LetsTalkMusic
"Carole King had 18 studio albums and somehow not a single one got close to Tapestry's acclaim. Did her songwriting really drop off?",analytical,reddit.com/r/LetsTalkMusic
"What do you think when band members go solo? In K-pop it typically spells the end of the band.",analytical,reddit.com/r/LetsTalkMusic
"How true is the claim that the Beatles made the first Heavy Metal song with Helter Skelter? Released 1968 Black Sabbath's first album was 1970.",analytical,reddit.com/r/LetsTalkMusic
"The only downside to listening to a lot of music — I associate older music with memories but new albums I discover lack that nostalgia.",contextual,reddit.com/r/LetsTalkMusic
"How close is Gothic Metal to Alt-Pop? To/Die/For covering Paula Abdul's Straight Up surprised me by how naturally it fit their sound.",analytical,reddit.com/r/LetsTalkMusic
"Punk Genre music — I listen to Nirvana Sum 41 Rise Against Linkin Park. Want to broaden my horizons.",low_effort,reddit.com/r/LetsTalkMusic
"Have you ever done discography marathons? I listened to LCD Soundsystem's entire discography in chronological order 6 hours.",contextual,reddit.com/r/LetsTalkMusic
"What are your thoughts on Blue Dot Fever? Artists with millions of streams aren't selling concert seats.",hot_take,reddit.com/r/LetsTalkMusic
"What was going on in New England in the early 1900s musically? Every major city grew a scene but not New England.",analytical,reddit.com/r/LetsTalkMusic
"Did anyone in Metallica's circle advise against Lulu? Surely someone had to listen and suggest they shouldn't release it.",hot_take,reddit.com/r/LetsTalkMusic
"Could nu-metal have a comeback? Korn just dropped a new single Deftones kind of having a comeback.",hot_take,reddit.com/r/LetsTalkMusic
"What exactly does music nerd/snob artists really mean? Radiohead is called a music nerd band but they pack arenas.",hot_take,reddit.com/r/LetsTalkMusic
"The Miseducation of Lauryn Hill is not about God. Tough Love is the main topic — Ex-Factor talks about an abusive relationship where her partner resorts to manipulation.",analytical,reddit.com/r/LetsTalkMusic
"I'm trying the David Choe 888 challenge — only listen to 8 albums for 88 days. Day 1 and I already listened to 5 different albums.",low_effort,reddit.com/r/LetsTalkMusic
"why tho",low_effort,reddit.com/r/LetsTalkMusic
"Recommend me some smooth r&b but modern ones",low_effort,reddit.com/r/LetsTalkMusic
"Every song from the forthcoming Kelela album has been phenomenal — scratches that 90s soul ballad itch while staying contemporary.",hot_take,reddit.com/r/LetsTalkMusic
"Following the release of Tortured Poets Department it is clear that Courtney Love was right",hot_take,reddit.com/r/LetsTalkMusic
"Why I'm Done Pretending Live Concerts Are Worth It",hot_take,reddit.com/r/LetsTalkMusic
"Not a Taylor Swift fan but I've tried to listen and get it — I just can't find a compelling reason her music is SO popular. Maybe it's not about the music?",hot_take,reddit.com/r/LetsTalkMusic
"MF DOOM rap legend has passed away at 49",low_effort,reddit.com/r/LetsTalkMusic
"Stomp Clap Hey was NEVER a hipster genre. Hipsters despised it because it was always extremely uncool.",hot_take,reddit.com/r/LetsTalkMusic
"Discovered how Spotify discovery really works and now I can't unsee it",low_effort,reddit.com/r/LetsTalkMusic
"to get myself out of my comfort zone",low_effort,reddit.com/r/LetsTalkMusic
"IMO the only time solo work spells disaster is if some members can't write and have no real substance without whoever goes solo. Dave Matthews put out a great solo album in 2003 and it had no impact on the band.",analytical,reddit.com/r/LetsTalkMusic
"Jerry Garcia did amazing work with JGB and David Grisman without affecting The Grateful Dead.",hot_take,reddit.com/r/LetsTalkMusic
"I think the issue with people who are more Performer than Musician is that when a key element is removed it becomes apparent how integral each individual is. Music is a thing where the whole can be far greater than the sum of its parts.",analytical,reddit.com/r/LetsTalkMusic
"In the specific case of rock bands whether they stay together depends on two things: love and money. Love in the sense of where band members feel most fulfilled and money in the sense of which path is more lucrative.",analytical,reddit.com/r/LetsTalkMusic
"Solo runs can slap. Side-project era is where the weird good stuff leaks out. Main band stays intact but the room gets a little dangerous.",hot_take,reddit.com/r/LetsTalkMusic
"Lots of artists have done solo and side projects without it destroying the band. Maynard of Tool being a prime example as he has A Perfect Circle and Puscifer yet Tool still exists still tours.",analytical,reddit.com/r/LetsTalkMusic
"At the small local end of the music business most of the decent musicians I know are in multiple bands and nobody cares.",contextual,reddit.com/r/LetsTalkMusic
"When there's a musical direction that one member wants that doesn't match the band vibe a side-project can make sense. Thom Yorke of Radiohead has had many successful projects in between Radiohead albums.",analytical,reddit.com/r/LetsTalkMusic
"70s/80s prog is where the big solo beasts used to live. Everyone in Genesis had a successful solo career. Phil Collins and Peter Gabriel obviously. Prog never really had the front person dynamic that pop bands do.",analytical,reddit.com/r/LetsTalkMusic
"Father John Misty was the drummer for Fleet Foxes then left to go solo and turned into a musical prophet. 6 studio albums since 2012 all 8/10 or better.",hot_take,reddit.com/r/LetsTalkMusic
"Tom Petty ditched the Heartbreakers for Full Moon Fever had his biggest hits ever and then kept working with the band afterwards.",analytical,reddit.com/r/LetsTalkMusic
"New Edition had almost the whole group go solo and almost all of it is pretty good. Bobby Brown was probably the most famous. When the group is filled with talented artists they can make it work.",analytical,reddit.com/r/LetsTalkMusic
"I think of Roger Waters. His importance in Pink Floyd was more of being the idea man than being the bass player. Beginning with his first solo album the musicality of the band seemed to fade immensely.",analytical,reddit.com/r/LetsTalkMusic
"I am absolutely begging the people making all these posts to get involved in their local scene. You sidestep all these issues and get involved in great music and a fun community.",hot_take,reddit.com/r/LetsTalkMusic
"Or just skip stadiums and arenas. Small venue shows are almost always a blast. But if you only listen to massive artists it may be a big transition.",hot_take,reddit.com/r/LetsTalkMusic
"What I tend to listen to is smaller anyway prog metal so when bands come to town it's only $35 for a ticket. Venues are 500-1000 but it's people who really want to see them and it feels super intimate.",contextual,reddit.com/r/LetsTalkMusic
"I kind of loathe large arena shows. The sound is subpar and I don't want to pay a mint to be able to see the artist.",hot_take,reddit.com/r/LetsTalkMusic
"If I'm going to watch the show on a video screen I may as well watch it at home.",hot_take,reddit.com/r/LetsTalkMusic
"I won't even go to any stadium concerts anymore even if it's a band I have been listening to my entire life. I'd rather go to a small venue for $25 where you can actually feel the music.",hot_take,reddit.com/r/LetsTalkMusic
"I've been to hundreds of shows in my life. I'd much rather go to a 500-1000 person venue and be only 20 feet from the artist while paying $20-30 for the experience.",contextual,reddit.com/r/LetsTalkMusic
"For true fans and music lovers the most upsetting thing is the crazy escalation of ticket pricing in the last 15 years.",hot_take,reddit.com/r/LetsTalkMusic
"I think big concerts are very overrated and small concerts are underrated. The best shows are ones where you are surprised and delighted by what you saw.",analytical,reddit.com/r/LetsTalkMusic
"When I was in college in the 90s it was fun going to small venues and seeing bands on their way up. I got to see Soundgarden opening for Danzig and Dead Can Dance for $5-10.",contextual,reddit.com/r/LetsTalkMusic
"Look I understand social media and phones have degraded the average concert experience but every time someone posts this take they're outing themselves as only liking mainstream acts.",hot_take,reddit.com/r/LetsTalkMusic
"I think it's going to depend on the crowd and the musicians. I've been to The Weeknd Blink182 Mitski and TOOL since concerts came back and the rowdiest crowd was Femtanyl.",contextual,reddit.com/r/LetsTalkMusic
"TOOL is great because they have a strict no phones policy. I really liked seeing an arena crowd just watch the show for once.",contextual,reddit.com/r/LetsTalkMusic
"I go to multiple concerts every month but I never paid anything close to 100. Maybe if you don't go to the concerts that cost hundreds you will enjoy your time more.",hot_take,reddit.com/r/LetsTalkMusic
"That article is basically everything I hate about music. I wish you were all done with live concerts. Please stay at home and let the space be taken up by actual fans.",hot_take,reddit.com/r/LetsTalkMusic
"This makes me sad. There's a whole separate grassroots sector of the live music industry with incredible talent and reasonable prices from 5 to 35 pounds.",analytical,reddit.com/r/LetsTalkMusic
"As someone who works for multiple music venues I can tell you there are good and bad crowds. It depends on the artist. Pricing is atrocious though. Thank Live Nation and Ticketmaster for that.",analytical,reddit.com/r/LetsTalkMusic
"There are still good small gigs but there's a two-headed machine behind the cost of concerts — Live Nation/Ticketmaster and Spotify. No album revenues means higher ticket prices.",analytical,reddit.com/r/LetsTalkMusic
"I think there's a few aspects to it. Since covid something has changed. Post covid everyone is talking through the show. Social media has also had an influence.",analytical,reddit.com/r/LetsTalkMusic
"I went to the Eras tour and it was honestly an incredible experience. No matter what else is going on in your life for a couple hours you're all sharing the same love of art.",contextual,reddit.com/r/LetsTalkMusic
"Stadium shows are overrated overpriced and over-produced. Club theater and other venue shows are vastly underrated and rely almost completely on a good performance by the artist.",analytical,reddit.com/r/LetsTalkMusic
"I never went to a concert for the music. It's mostly just to get drunk with friends and have a good time. Small local things are where I go if I care to enjoy the music at all.",contextual,reddit.com/r/LetsTalkMusic
"Small shows can be absolutely great. I saw a documentary on how Live Nation and Ticketmaster have destroyed so much of the independent promoters and venues.",hot_take,reddit.com/r/LetsTalkMusic
"I recently went to Linkin Park's concert at Barclays Center. It was expensive I paid $540 but the fans were incredible and they had amazing sound quality probably a couple million dollars worth of equipment.",contextual,reddit.com/r/LetsTalkMusic
"Super big concerts are never worth the price you pay. Smaller concerts are almost universally better.",hot_take,reddit.com/r/LetsTalkMusic
"Big concerts are overrated and small concerts are underrated. I've seen good and bad shows at both. But I love a small intimate show.",hot_take,reddit.com/r/LetsTalkMusic
"I only ever go to Metal concerts and I don't have any of these problems. Nobody films TikToks nobody sings loudly and very few people actually record with their phones. We are too busy banging our heads and moshing.",contextual,reddit.com/r/LetsTalkMusic
"Go to tiny venues featuring bands that no one has ever heard of. That's the ideal concert experience.",hot_take,reddit.com/r/LetsTalkMusic
"I paid 8 pounds to see four bands the other night and every single one of them was excellent. The sound was great the room is small enough that it's basically impossible to have a bad view.",contextual,reddit.com/r/LetsTalkMusic
"Sitting on the floor about 3 feet from the musicians in the Preservation Jazz Hall in New Orleans was one of my coolest musical experiences.",contextual,reddit.com/r/LetsTalkMusic
"Seeing Caroline Polachek live at a small venue is literally the reason I love her albums now. She'd never clicked for me before.",contextual,reddit.com/r/LetsTalkMusic
"I live in England so it's generally the drinking that ruins it for me. I went to see The Levellers once with my Dad stood near the front to see a band we had sung along to together during long car rides when I was a kid.",contextual,reddit.com/r/LetsTalkMusic
"The magic of live music is the performance: no hi fi home setup can capture this. Seeing 87 year old blues legend Buddy Guy work his magic is not something to be experienced on the living room couch.",hot_take,reddit.com/r/LetsTalkMusic
"I have scaled back the number of big shows I attend. Too pricey too time consuming all the usual complaints. However I have increased the number of small venue shows.",contextual,reddit.com/r/LetsTalkMusic
"Ticketmaster and AXS helped ruin big concerts for me with their ridiculous fees. I choose to spend money elsewhere.",hot_take,reddit.com/r/LetsTalkMusic
"I've gone to four concerts in the past week: saw BEAT King Crimson twice Pulp at Hollywood Palladium and Mortiis. Wildly different artists different crowds. All were a blast.",contextual,reddit.com/r/LetsTalkMusic
"Been hit or miss for me. I went to see Heart and some drunk 60 year old burnout must have yelled rock and roll fuck yeah rock and roll a few hundred times.",contextual,reddit.com/r/LetsTalkMusic
"The first concert I went to that told me a sea change was happening was cigarettes after sex in Nottingham in 2017. The crowd talked through the whole show.",contextual,reddit.com/r/LetsTalkMusic
"I don't care about other people talking or using their phones. I'll let the boomers get triggered. I'm just not paying the money to attend. It really depends on the band.",hot_take,reddit.com/r/LetsTalkMusic
"I just go to a variety of concerts. I'm seeing Vampire Weekend at a big venue fully expecting drunk people singing along. Also going to see Cass McCombs at a small bar. Sometimes that's better sometimes not.",contextual,reddit.com/r/LetsTalkMusic
"You're just into the wrong type of music. I'm a fan of jazz I rarely pay more than $30-40 a show almost always sit right up front and get to meet the artists after.",hot_take,reddit.com/r/LetsTalkMusic
"I always joke that you just need to hold out long enough until your favorite act is washed up and then they'll be cheap to see again.",low_effort,reddit.com/r/LetsTalkMusic
"AustiniJohnsini: Disagree disagree and uhhh yeah. Disagree. Go crawl in a hole if ya don't like concerts.",low_effort,reddit.com/r/LetsTalkMusic
"Sounds like you are old with not enough money and remembers like Pepperidge Farm remembers.",low_effort,reddit.com/r/LetsTalkMusic
"Earplugs. Drowns out the crowd and you hear the band. Also stop raining on someone's parade.",low_effort,reddit.com/r/LetsTalkMusic
"No hate from me. Just stop going if you don't think it's worth it. I'm much more picky about what shows I go to now but nothing beats a great concert.",low_effort,reddit.com/r/LetsTalkMusic
"This screams I only see pop acts at massive arena shows or overcrowded mainstream festivals.",low_effort,reddit.com/r/LetsTalkMusic
"I've been to two concerts in the past two weeks that were A+ terrific and reasonably priced. It just depends on the venue and crowd.",low_effort,reddit.com/r/LetsTalkMusic
"Did you holler back HELL YEAH BROTHER every time he yelled that?",low_effort,reddit.com/r/LetsTalkMusic
"lol fuck yeah",low_effort,reddit.com/r/LetsTalkMusic
"Rock and roll",low_effort,reddit.com/r/LetsTalkMusic
"This is so important. It definitely requires living near a city though. In the last two years I went to two arena sized concerts but at a minimum average of two local shows a week.",contextual,reddit.com/r/LetsTalkMusic
"To add to that cheaper drinks at the local shows as well.",low_effort,reddit.com/r/LetsTalkMusic
"My only gripe is that people need to stop filming everything. I totally understand wanting to get a clip of your favorite song but filming an entire show is obnoxious.",hot_take,reddit.com/r/LetsTalkMusic
"I very rarely go to gigs of more than 500 people and even rarer anything with more than 2000. Most gigs I attend are less than 100 people.",contextual,reddit.com/r/LetsTalkMusic
"This. 100 percent. Small venues ftw.",low_effort,reddit.com/r/LetsTalkMusic
"Yes! Go to your local bar and see a free show!",low_effort,reddit.com/r/LetsTalkMusic
"THIS! My local scene is absolutely my home. So much good stuff for cheap and you meet wonderful wonderful people.",low_effort,reddit.com/r/LetsTalkMusic
"Locals are where it's at always.",low_effort,reddit.com/r/LetsTalkMusic
"Yup. Almost every issue you run into trying to see a big ticket show at a large venue is basically non existent at a local show.",low_effort,reddit.com/r/LetsTalkMusic
"That would be Jim Rose's Sideshow Circus right? the dick guy",low_effort,reddit.com/r/LetsTalkMusic
"Nice! I went to college in Athens GA and a lot of the bands about to explode would come through.",low_effort,reddit.com/r/LetsTalkMusic
"Not everyone has access to real jazz sadly but I know what you mean. Smalls in NYC is the best jazz club by far.",low_effort,reddit.com/r/LetsTalkMusic
"Yeah the sound quality statement is hilarious. Audio has gotten insanely better but not all venues are good at it.",low_effort,reddit.com/r/LetsTalkMusic
"How dare the people who paid good money to see their favorite artists shout out the lyrics in my presence",low_effort,reddit.com/r/LetsTalkMusic
"The author of this article truly is the worst kind of music enjoyer.",low_effort,reddit.com/r/LetsTalkMusic
"Yeah I clicked the link and saw guy with a beard with headphones and I really didn't need to hear anything else lol",low_effort,reddit.com/r/LetsTalkMusic
"surprised this isn't the top comment tbh.",low_effort,reddit.com/r/LetsTalkMusic
"You can't sing at concerts now? Most artists say their biggest I made it moment was when a whole crowd of 20k people are heard singing their song.",low_effort,reddit.com/r/LetsTalkMusic
"Big_Possibility4025: This is the second or third time in recent months I've read about someone being bothered by fans singing along to the lyrics live. like come on. It's fun. It's part of a concert",low_effort,reddit.com/r/LetsTalkMusic
"If this is well executed irony then bravo. If this is sincere then I'm sorry.",low_effort,reddit.com/r/LetsTalkMusic
"Much rather be in a Slayer crowd than a pop band crowd. Much nicer and friendlier people.",low_effort,reddit.com/r/LetsTalkMusic
"I've seen Slayer about 8 times since 2000. Those crowds can be awesome and they can be awful.",low_effort,reddit.com/r/LetsTalkMusic
"Honestly it sounds like concerts just aren't for you! If you don't like people singing along then best to avoid them.",low_effort,reddit.com/r/LetsTalkMusic
"Meanwhile the artist love to have the crowd sing and this guy thinks it ok to disrespect them?",low_effort,reddit.com/r/LetsTalkMusic
"Disagree disagree and uhhh yeah. Disagree. Go crawl in a hole if ya don't like concerts.",low_effort,reddit.com/r/LetsTalkMusic
"More space for me to dance without you there. If you're taller than me even better.",low_effort,reddit.com/r/LetsTalkMusic
"The concerts you are going to are way too quiet if you're worried about other people singing.",low_effort,reddit.com/r/LetsTalkMusic
"You're doing concerts wrong. Sure ticket prices are up but the crew needs a living wage.",low_effort,reddit.com/r/LetsTalkMusic
"Selectivity is key. Small venues are usually better.",low_effort,reddit.com/r/LetsTalkMusic
"Sounds like you are old with not enough money and remembers like Pepperidge Farm remembers.",low_effort,reddit.com/r/LetsTalkMusic
"lol thats why u dont go to big concerts ive seen plenty of my favorite acts for $25-$40 and ive never had a bad show experience",low_effort,reddit.com/r/LetsTalkMusic
"Damn I didn't know you weren't supposed to sing along. Gonna be a mute now",low_effort,reddit.com/r/LetsTalkMusic
"Stop going to stadium shows where you pay $600 to sit a mile and a half away. Small shows are better in every way.",low_effort,reddit.com/r/LetsTalkMusic
"You aren't the only one.",low_effort,reddit.com/r/LetsTalkMusic
"Such a shitty click baity title. I refuse to read the article.",low_effort,reddit.com/r/LetsTalkMusic
"Get wrecked on the signing part dude. That's always been a part of live shows.",low_effort,reddit.com/r/LetsTalkMusic
"Please go to a gig at a small venue with like max 200 people. Those are usually beast!",low_effort,reddit.com/r/LetsTalkMusic
"Ham_solo: Maybe go see some smaller and/or local artists? Cheaper calmer and you get to see something that isn't fed to you by algorithm.",low_effort,reddit.com/r/LetsTalkMusic
"I ran an all ages venue and I have been to over 200+ Bay Area local shows. Lots of not so good but man when you catch a gem. It's like nothing else.",contextual,reddit.com/r/LetsTalkMusic
"I went to see Heilung earlier this year. Their concerts are more like theatrical performances since it's based on pagan rituals. The people next to me were SO loud and I was completely taken out of the performance.",contextual,reddit.com/r/LetsTalkMusic
"antibeingkilled: I spent $1450 on TWO blink 182 tickets. Favorite band for 20 years never gotten to see them before. Waited ten months just for them to cancel the night before. I'll never take that risk again.",contextual,reddit.com/r/LetsTalkMusic
"I saw Bill Withers lead off for Rare Earth back in 1972 at Saratoga Performing Arts Center. Also saw Linda Ronstadt lead off for James Taylor. Maybe concert experience has something to do with the quality of the artist?",contextual,reddit.com/r/LetsTalkMusic
"I went and saw Royel Otis live last week at the salt shed in Chicago not a huge venue but not super small either. It was an insanely good time. Great energy!",contextual,reddit.com/r/LetsTalkMusic
"I had a lady screaming at the top of her lungs into my ear for nearly the entire set of Blink 182. It ruined the entire show for me.",contextual,reddit.com/r/LetsTalkMusic
"I went to see Alvvays back in June and paid a decent amount for it got some merch had a great view of the whole band and the crowd barely had their phones out.",contextual,reddit.com/r/LetsTalkMusic
"I just saw Idles at M-Telus in Montreal maybe 1500 people. I've been going to all kinds of shows for around 20 years and this was one of my top 5 for sure!",contextual,reddit.com/r/LetsTalkMusic
"We used to travel to see 3 nights of the Good Ol Grateful Dead at a city food and hotel and tickets probably came up to $250 total.",contextual,reddit.com/r/LetsTalkMusic
"I remember in the last decade following the Black Keys on their many visits to Canada. When they weren't as big the sound and atmosphere the band was producing was phenomenal.",contextual,reddit.com/r/LetsTalkMusic
"I had some bad experiences this year: prices phones recording artists who asked not to be recorded people chatting the whole time. But I went to Bill Callahan last night. The sound was perfect.",contextual,reddit.com/r/LetsTalkMusic
"I saw Rufus Wainwright in a basement in Cincinnati over the summer and it was fucking great and very intimate.",contextual,reddit.com/r/LetsTalkMusic
"I'm going to see Sigur Ros play with a full orchestra in a proper concert hall with assigned seating in two weeks. I paid hundreds to do it and I know it's going to be amazing.",contextual,reddit.com/r/LetsTalkMusic
"Twenty one pilots has in my opinion the most polite crowd I've ever been a part of. I've been 5 times now and every time everyone is just very very nice.",contextual,reddit.com/r/LetsTalkMusic
"Live Nation has ruined the concert experience for everyone. The bands the crews the ticket holders everyone. It's all a grift to kick $140 million dollars up to one man.",analytical,reddit.com/r/LetsTalkMusic
"The music has taken a complete backseat it is just background music for the real thing — selling tickets and booze. The money used to be a means to the end now music is a means to the end.",analytical,reddit.com/r/LetsTalkMusic
"There's a two-headed machine behind the cost of concerts — Live Nation/Ticketmaster and Spotify. No album revenues means higher ticket prices and control of the live marketplace means less of a cut for the artists.",analytical,reddit.com/r/LetsTalkMusic
"Artists are victims of the terrible system controlled by companies like Live Nation who will end up taking over any club that might become worth going to in your area.",analytical,reddit.com/r/LetsTalkMusic
"A big part of the concert experience is taking in the energy of the crowd. People there with the same love of that band singing along and being excited. Sound systems are better than ever.",analytical,reddit.com/r/LetsTalkMusic
"The best concerts are where the venue is matched to the vibe and energy of the artist. I don't want to see Sigur Ros in a nightclub. I don't want to see Better Lovers at a concert hall.",analytical,reddit.com/r/LetsTalkMusic
"I think the author doesn't understand the point of concerts. It's a communal experience not meant to be an exact replica of an album. You are meant to participate by singing clapping recording your favorite bits.",analytical,reddit.com/r/LetsTalkMusic
"I think the problem here is going to shows where you spend hundreds of dollars to see an artist. I love going to smaller shows but also lucky I guess that my taste in music aligns with artists who play those venues.",analytical,reddit.com/r/LetsTalkMusic
"I stopped going to concerts and sporting events several years ago. Smaller local shows are not much better charging 25+ to get in the door. Drinks and food are stupid expensive and limited seating in smaller clubs.",analytical,reddit.com/r/LetsTalkMusic
"I have mixed feelings about this. Ticket prices are out of control. I've spent around $5200 on live music this year. The crowds are absolutely the worst part. Way too drunk spoiled and zero respect for anyone else.",analytical,reddit.com/r/LetsTalkMusic
"People don't really go to big venue concerts to listen to a performance they go to worship the artist in person. This has been the case ever since the Beatles. You need to go to small venues if you want an actual concert about the music.",analytical,reddit.com/r/LetsTalkMusic
"Large concerts are horrendous and extraordinarily expensive. Concerts have shifted from being about the music to being about being there — it's a pilgrimage signaling fandom. Small and local venues however are usually a very good experience.",analytical,reddit.com/r/LetsTalkMusic
"Been saying this for decades — any venue over 3500 seats is not worth going to. The smaller the venue the better the acoustics. Big venues are about spectacle and money they have very little to do with real music.",analytical,reddit.com/r/LetsTalkMusic
"I am a sound engineer and use to work medium sized shows. Sound systems have become significantly better in the last decade. Quality of speakers and technology have gone up significantly. Often larger venues are not ideal for quality sound reinforcement.",analytical,reddit.com/r/LetsTalkMusic
"Live shows are about energy not sound. The greatest concerts I've seen have been upcoming bands in the first 10 rows.",analytical,reddit.com/r/LetsTalkMusic
"I can tell you've never seen an amazing artist like Frank Turner in a small venue. Live music with fans and artists that have passion like that make it a transcendent experience. Maybe find better artists and stop seeing soulless mega shows.",analytical,reddit.com/r/LetsTalkMusic
"I went to a show a few years ago and halfway through I couldn't wait for it to end. I was 42 probably my 200th concert standing there watching 4 people play instruments. Unless it's a SHOW or something I can dance to I just don't care.",contextual,reddit.com/r/LetsTalkMusic
"I drew the line at festivals. I'm in my 40s I don't want to be stuck all day outside. If Oasis comes to North America I'll try my chances. But other than that I prefer small venues — Belle and Sebastian and Blur in California.",contextual,reddit.com/r/LetsTalkMusic
"I went to a long rant in a different sub about a seriously horrible experience seeing Ween at an outdoor venue. The sound was way too low and all I could hear was two guys standing next to me screaming at each other throughout the entirety.",contextual,reddit.com/r/LetsTalkMusic
"I saw GREEN DAY this summer. I was 40 rows back. It was fun all night. One of the best shows I've ever been to.",contextual,reddit.com/r/LetsTalkMusic
"I had to ask a guy next to me at a concert last week to quiet down with the talking. I did not pay $130 to listen to a drunk guy explain the California University system while Sturgill Simpson sang in the background.",contextual,reddit.com/r/LetsTalkMusic
"I left my last concert early because 6 minutes into a political speech I couldn't take it anymore.",contextual,reddit.com/r/LetsTalkMusic
"I've been going to shows since I was 16. I'm 53 now. Smaller shows are way more fun these days. I often get invited to big concerts through my job. I go but it's not uncommon to leave early.",contextual,reddit.com/r/LetsTalkMusic
"I really wanted to see Taylor Swift but I wouldn't even be able to hear her. All the screeching screaming fans completely turned me away from that.",contextual,reddit.com/r/LetsTalkMusic
"Have not been to a live concert for a bit. I agree — loud drunk people and it's way past my bedtime. I'd rather buy a DVD of them in concert.",low_effort,reddit.com/r/LetsTalkMusic
"I only go to shows at small venues now for this reason. I want to be in a pit with people who are also there to have fun.",low_effort,reddit.com/r/LetsTalkMusic
"You're really complaining about people singing alongside their favorite songs at a CONCERT? Sounds like live music is not for you.",low_effort,reddit.com/r/LetsTalkMusic
"Big shows? No fun. Between parking and how much everything costs no thank you. Small shows? Hella fun. Maybe you hang out with the band afterwards.",low_effort,reddit.com/r/LetsTalkMusic
"It's wild to me HOW MANY people get bent out of shape over people singing at a concert. If you want to hear the band and only the band stay home.",low_effort,reddit.com/r/LetsTalkMusic
"I'd rather get some new CDs than pay a ton to go to a concert.",low_effort,reddit.com/r/LetsTalkMusic
"There's a newish band I likeish. All their shows are 20$. Maybe go to new band small shows for your live music needs?",low_effort,reddit.com/r/LetsTalkMusic
"Concerts are becoming too expensive. This is the number 1 point and absolutely no one will argue this.",low_effort,reddit.com/r/LetsTalkMusic
"I do pay money to hear fans singing along at a concert thats the whole point. If I just wanted the singers voice in highest quality I would listen to a CD.",low_effort,reddit.com/r/LetsTalkMusic
"Get better music taste I guess. I go to a couple shows a month ranging from a crowd of 50 to 25000.",low_effort,reddit.com/r/LetsTalkMusic
"I'm not gonna tell you you're the only one but you basically get all their music for free. If you wanna see the band buy a ticket and quit whinging.",low_effort,reddit.com/r/LetsTalkMusic
"Yeah I'll still go to small venues but large scale shows I've been done with for a while.",low_effort,reddit.com/r/LetsTalkMusic
"Completely agree. Generally just way too expensive for what you get most of the time.",low_effort,reddit.com/r/LetsTalkMusic
"Go see a Jam band the vibes are immaculate it's never the same and it's actual musicianship not just playing songs off an album with pyro.",low_effort,reddit.com/r/LetsTalkMusic
"Ticketmaster is enough to make me quit concerts. If I can't just walk up to a venue and buy a ticket then I am not going.",low_effort,reddit.com/r/LetsTalkMusic
"Stop. Seeing. Big. Artists. At. Stadiums. So many local bands need your support and will give you a much more memorable time.",low_effort,reddit.com/r/LetsTalkMusic
"And stop viewing the concert through your phones! Nobody cares about your videos. Just have fun.",low_effort,reddit.com/r/LetsTalkMusic
"Go see smaller bands at smaller venues. I go to a lot of live music and literally never have paid hundreds for a ticket.",low_effort,reddit.com/r/LetsTalkMusic
"You're not the only one. I much prefer movies of concerts. The sound is better you see closeups of the musicians and you can pause whenever.",low_effort,reddit.com/r/LetsTalkMusic
"100% with you on this. More than half the time the gigs are ruined by the audience.",low_effort,reddit.com/r/LetsTalkMusic
"Live sound gets better and better. We test systems all the time. So that's wrong. Concerts are getting expensive though.",low_effort,reddit.com/r/LetsTalkMusic
"I'm 40. 20 years ago a ticket to Tool cost like $80. Now they're like 300 for nose bleeds. Inflation or no that's dog shit.",hot_take,reddit.com/r/LetsTalkMusic
"Pricing has become ridiculous over the past few years any decent headline act can command over 100 pounds for back row seats.",hot_take,reddit.com/r/LetsTalkMusic
"You're going to the wrong shows. Live music is art. If you don't feel like you are experiencing the spontaneous creation of art you're not really experiencing live music.",hot_take,reddit.com/r/LetsTalkMusic
"Midsize and theater shows are kind of a sweet spot though especially if you're seeing a true virtuoso like Jason Isbell or Sturgill Simpson. You aren't hearing them play an amazing solo you've never heard at home.",hot_take,reddit.com/r/LetsTalkMusic
